    [{  "district": "Colombo","province": "Western province", "divisions":["Colombo Divisional Secretariat" ,"Dehiwala Divisional Secretariat" , "Homagama Divisional Secretariat" , "Kaduwela Divisional Secretariat" , "Kesbewa Divisional Secretariat" , "Kolonnawa Divisional Secretariat" , "Kotte Divisional Secretariat" , "Maharagama Divisional Secretariat" , "Moratuwa Divisional Secretariat", "Padukka Divisional Secretariat" , "Rathmalana Divisional Secretariat" , "Seethawaka Divisional Secretariat" , "Thimbirigasyaya Divisional Secretariat"]},{  "district": "Gampaha","province": "Western province","divisions":["Attanagalla Divisional Secretariat","Biyagama Divisional Secretariat","Divulapitiya Divisional Secretariat", "Dompe Divisional Secretariat", "Gampaha Divisional Secretariat", "Ja-Ela Divisional Secretariat", "Katana Divisional Secretariat", "Kelaniya Divisional Secretariat", "Mahara Divisional Secretariat","Minuwangoda Divisional Secretariat","Mirigama Divisional Secretariat", "Negombo Divisional Secretariat", "Eattala Divisional Secretariat"]},{  "district": "Kaluthara","province": "Western province" , "divisions":["Agalawatta Divisional Secretariat","Bandaragama Divisional Secretariat","Beruwala Divisional Secretariat", "Bulathsinhala Divisional Secretariat", "Dodangoda Divisional Secretariat", "Horana Divisional Secretariat", "Ingiriya Divisional Secretariat", "Kaluthara Divisional Secretariat", "Madurawala Divisional Secretariat", "Mathugama Divisional Secretariat", "Millaniya Divisional Secretariat", "Palindanuwara Divisional Secretariat" , "Panadura Divisional Secretariat", "Walallavita Divisional Secretariat"]},{  "district": "Galle","province": "Southern province" , "divisions":[" Akmeemana Divisional Secretariat","Ambalangoda Divisional Secretariat","Baddegama Divisional Secretariat" , "Balapitiya Divisional Secretariat", "Benthota Divisional Secretariat", "Bope-Poddala Divisional Secretariat", "Elpitiya Divisional Secretariat", "Galle Divisional Secretariat", "Gonapinuwala Divisional Secretariat", "Habaraduwa Divisional Secretariat", " Hikkaduwa Divisional Secretariat", "Imaduwa Divisional Secretariat", "Karandeniya Divisional Secretariat", "Nagoda Divisional Secretariat", "Neluwa Divisional Secretariat", "Niyagama Divisional Secretariat", "Thawalama Divisional Secretariat", " Welivitiya-Divithura Divisional Secretariat", "Yakkalamulla Divisional Secretariat"]},{  "district": "Mathara","province": "Southern province" , "divisions":["Akuressa Divisional Secretariat", "Athuraliya Divisional Secretariat","Devinuwara Divisional Secretariat","Dickwella Divisional Secretariat","Hakmana Divisional Secretariat", "Kamburupitiya Divisional Secretariat", "Kirinda Puhulwella Divisional Secretariat", "Kotapola Divisional Secretariat", "Malimbada Divisional Secretariat", "Matara Divisional Secretariat", "Mulatiyana Divisional Secretariat", "Pasgoda Divisional Secretariat", "Pitabeddara Divisional Secretariat", "Thihagoda Divisional Secretariat",  "Weligama Divisional Secretariat", "Welipitiya Divisional Secretariat"]},{  "district": "Hambanthota","province": "Southern province", "divisions":[" Ambalantota Divisional Secretariat","Angunakolapelessa Divisional Secretariat","Beliatta Divisional Secretariat", "Hambantota Divisional Secretariat", "Katuwana Divisional Secretariat", "Lunugamvehera Divisional Secretariat", "Okewela Divisional Secretariat", "Sooriyawewa Divisional Secretariat", "Tangalle Divisional Secretariat", "Thissamaharama Divisional Secretariat", "Walasmulla Divisional Secretariat", "Weeraketiya Divisional Secretariat"]},{  "district": "Trincomalee","province": "Eastern province" ,"divisions":[" Gomarankadawala Divisional Secretariat","Kantalai Divisional Secretariat","Kinniya Divisional Secretariat", "Kuchchaveli Divisional Secretariat", "Morawewa Divisional Secretariat", "Muttur Divisional Secretariat", "Padavi Sri Pura Divisional Secretariat", "Seruvila Divisional Secretariat", "Thambalagamuwa Divisional Secretariat", "Trincomalee Divisional Secretariat", "Verugal Divisional Secretariat"]},{  "district": "Batticaloa","province": "Eastern province" , "divisions":["Eravur Pattu Divisional Secretariat","Eravur Town Divisional Secretariat","Kattankudy Divisional Secretariat","Koralai Pattu Divisional Secretariat","Koralai Pattu Central Divisional Secretariat","Koralai Pattu North Divisional Secretariat","Koralai Pattu South Divisional Secretariat","Koralai Pattu West Divisional Secretariat","Manmunai North Divisional Secretariat","Manmunai Pattu Divisional Secretariat","Manmunai S. and Eruvil Pattu Divisional Secretariat" ,"Manmunai South West Divisional Secretariat","Manmunai West Divisional Secretariat","Porativu Pattu Divisional Secretariat"]},{  "district": "Ampara","province": "Eastern province" , "divisions":["Addalachchenai Divisional Secretariat","Akkaraipattu Divisional Secretariat","Alayadiwembu Divisional Secretariat", "Ampara Divisional Secretariat","Damana Divisional Secretariat","Dehiattakandiya Divisional Secretariat","Eragama Divisional Secretariat","Kalmunai Muslim Divisional Secretariat","Kalmunai Tamil Divisional Secretariat","Karaitivu Divisional Secretariat","Lahugala Divisional Secretariat", "Mahaoya Divisional Secretariat", "Navithanveli Divisional Secretariat","Ninthavur Divisional Secretariat","Padiyathalawa Divisional Secretariat", "Pothuvil Divisional Secretariat", "Sainthamarathu Divisional Secretariat", "Samanthurai Divisional Secretariat", "Thirukkovil Divisional Secretariat", "Uhana Divisional Secretariat"]},{  "district": "Badulla","province": "Uva province" , "divisions":["Badulla Divisional Secretariat","Bandarawela Divisional Secretariat","Ella Divisional Secretariat","Haldummulla Divisional Secretariat","Hali-Ela Divisional Secretariat", "Haputale Divisional Secretariat","Kandaketiya Divisional Secretariat","Lunugala Divisional Secretariat","Mahiyanganaya Divisional Secretariat", "Meegahakivula Divisional Secretariat", "Passara Divisional Secretariat", "Rideemaliyadda Divisional Secretariat", "Soranathota Divisional Secretariat", "Uva-Paranagama Divisional Secretariat", "Welimada Divisional Secretariat"]},{  "district": "Monaragala","province": "Uva province" , "divisions":["Badalkumbura Divisional Secretariat","Bibile Divisional Secretariat","Buttala Divisional Secretariat", "Katharagama Divisional Secretariat", "Madulla Divisional Secretariat", "Medagama Divisional Secretariat", "Moneragala Divisional Secretariat", "Sevanagala Divisional Secretariat", "Siyambalanduwa Divisional Secretariat", "Thanamalvila Divisional Secretariat", "Wellawaya Divisional Secretariat"]},{  "district": "Kegalle","province": "Sabaragamuwa province" , "divisions":["Aranayaka Divisional Secretariat","Bulathkohupitiya Divisional Secretariat","Dehiovita Divisional Secretariat", "Deraniyagala Divisional Secretariat","Galigamuwa Divisional Secretariat","Kegalle Divisional Secretariat","Mawanella Divisional Secretariat","Rambukkana Divisional Secretariat","Ruwanwella Divisional Secretariat","Warakapola Divisional Secretariat","Yatiyanthota Divisional Secretariat"]},{  "district": "Ratnapura","province": "Sabaragamuwa province" , "divisions":["Ayagama Divisional Secretariat","Balangoda Divisional Secretariat","Eheliyagoda Divisional Secretariat","Elapattha Divisional Secretariat","Embilipitiya Divisional Secretariat","Godakawela Divisional Secretariat","Imbulpe Divisional Secretariat","Kahawatta Divisional Secretariat","Kalawana Divisional Secretariat","Kiriella Divisional Secretariat","Kolonna Divisional Secretariat","Kuruvita Divisional Secretariat","Nivithigala Divisional Secretariat","Opanayaka Divisional Secretariat","Pelmadulla Divisional Secretariat","Ratnapura Divisional Secretariat","Weligepola Divisional Secretariat"]},{  "district": "Kandy","province": "Central province" ,"divisions":["Akurana Divisional Secretariat","Delthota Divisional Secretariat","Doluwa Divisional Secretariat","Gagawata Korale Divisional Secretariat","Ganga Ihala Korale Divisional Secretariat","Harispattuwa Divisional Secretariat","Hatharaliyadda Divisional Secretariat","Kundasale Divisional Secretariat","Medadumbara Divisional Secretariat","Minipe Divisional Secretariat","Panvila Divisional Secretariat","Pasbage Korale Divisional Secretariat","Pathadumbara Divisional Secretariat","Pathahewaheta Divisional Secretariat","Poojapitiya Divisional Secretariat","Thumpane Divisional Secretariat","Udadumbara Divisional Secretariat","Udapalatha Divisional Secretariat","Udunuwara Divisional Secretariat","Yatinuwara Divisional Secretariat"]},{  "district": "Matale","province": "Central province", "divisions":["Ambanganga Korale Divisional Secretariat","Dambulla Divisional Secretariat","Galewela Divisional Secretariat","Laggala-Pallegama Divisional Secretariat","Matale Divisional Secretariat","Naula Divisional Secretariat","Pallepola Divisional Secretariat","Rattota Divisional Secretariat","Ukuwela Divisional Secretariat","Wilgamuwa Divisional Secretariat", "Yatawatta Divisional Secretariat"]},{  "district": "Nuwara Eliya","province": "Central province" ,"divisions":["Ambagamuwa Divisional Secretariat","Hanguranketha Divisional Secretariat","Kothmale Divisional Secretariat","Nuwara Eliya Divisional Secretariat","Walapane Divisional Secretariat"]},{  "district": "Anuradhapura","province": "North Central province" ,"divisions":["Galnewa Divisional Secretariat ","Galenbindunuwewa Divisional Secretariat ","Horowpothana Divisional Secretariat","Ipalogama Divisional Secretariat","Kahatagasdigiliya Divisional Secretariat","Kebithigollewa Divisional Secretariat","Kekirawa Divisional Secretariat","Mahavilachchiya Divisional Secretariat ","Medawachchiya Divisional Secretariat ","Mihinthale Divisional Secretariat ","Nachchadoowa Divisional Secretariat","Nochchiyagama Divisional Secretariat","Nuwaragam Palatha Central Divisional Secretariat","Nuwaragam Palatha East Divisional Secretariat","Padaviya Divisional Secretariat","Palagala Divisional Secretariat","Palugaswewa Divisional Secretariat ","Rajanganaya Divisional Secretariat","Rambewa Divisional Secretariat","Thalawa Divisional Secretariat","Thambuttegama Divisional Secretariat","Thirappane Divisional Secretariat "]},{  "district": "Polonnaruwa","province": "North Central province", "divisions":["Dimbulagala Divisional Secretariat","Elahera Divisional Secretariat","Hingurakgoda Divisional Secretariat","Lankapura Divisional Secretariat","Medirigiriya Divisional Secretariat","Thamankaduwa Divisional Secretariat","Welikanda Divisional Secretariat"]},{  "district": "Jaffna","province": "Northern province" ,"divisions":[" Delft Divisional Secretariat","Island North Divisional Secretariat","Island South Divisional Secretariat ", "Jaffna Divisional Secretariat", "Karainagar Divisional Secretariat", "Nallur Divisional Secretariat", "Thenmaradchi Divisional Secretariat", "Vadamaradchi East Divisional Secretariat", "Vadamaradchi North Divisional Secretariat","Vadamaradchi South-West Divisional Secretariat","Valikamam East Divisional Secretariat","Valikamam North Divisional Secretariat","Valikamam South Divisional Secretariat","Valikamam South-West Divisional Secretariat","Valikamam West Divisional Secretariat"]},{  "district": "Kilinochchi","province": "Northern province" ,"divisions":["Kandavalai Divisional Secretariat","Karachchi Divisional Secretariat","Pachchilaipalli Divisional Secretariat", "Poonakary Divisional Secretariat"]},{  "district": "Mannar","province": "Northern province" ,"divisions":["Madhu Divisional Secretariat"," Mannar Divisional Secretariat","Manthai West Divisional Secretariat","Musalai Divisional Secretariat","Nanaddan Divisional Secretariat"]},{  "district": "Mullaitivu","province": "Northern province" ,"divisions":["Manthai East  Divisional Secretariat","Maritimepattu  Divisional Secretariat","Oddusuddan  Divisional Secretariat", "Puthukudiyiruppu  Divisional Secretariat", "Thunukkai  Divisional Secretariat", "Welioya  Divisional Secretariat"]},{  "district": "Vavuniya","province": "Northern province" ,"divisions":["Vavuniya  Divisional Secretariat","Vavuniya North  Divisional Secretariat","Vavuniya South  Divisional Secretariat", "Vengalacheddikulam  Divisional Secretariat"]},{ "district": "Kurunegala","province": "North Western province" ,"divisions":["Alawwa Divisional Secretariat","Ambanpola Divisional Secretariat","Bamunakotuwa Divisional Secretariat","Bingiriya Divisional Secretariat","Ehetuwewa Divisional Secretariat","Galgamuwa Divisional Secretariat","Ganewatta Divisional Secretariat","Giribawa Divisional Secretariat","Ibbagamuwa Divisional Secretariat","Katupotha Divisional Secretariat","Kobeigane Divisional Secretariat","Kotavehera Divisional Secretariat","Kuliyapitiya East Divisional Secretariat","Kuliyapitiya West Divisional Secretariat","Kurunegala Divisional Secretariat","Mahawa Divisional Secretariat","Mallawapitiya Divisional Secretariat","Maspotha Divisional Secretariat","Mawathagama Divisional Secretariat","Narammala Divisional Secretariat","Nikaweratiya Divisional Secretariat","Panduwasnuwara Divisional Secretariat","Pannala Divisional Secretariat","Polgahawela Divisional Secretariat","Polpithigama Divisional Secretariat","Rasnayakapura Divisional Secretariat","Rideegama Divisional Secretariat","Udubaddawa Divisional Secretariat","Wariyapola Divisional Secretariat","Weerambugedara Divisional Secretariat"]},{  "district": "Puttalam","province": "North Western province" ,"divisions":[" Anamaduwa Divisional Secretariat", "Arachchikattuwa Divisional Secretariat", "Chilaw Divisional Secretariat", "Dankotuwa Divisional Secretariat", "Kalpitiya Divisional Secretariat", "Karuwalagaswewa Divisional Secretariat", "Madampe Divisional Secretariat", "Mahakumbukkadawala Divisional Secretariat", "Mahawewa Divisional Secretariat", "Mundalama Divisional Secretariat","Nattandiya Divisional Secretariat","Nawagattegama Divisional Secretariat","Pallama Divisional Secretariat","Puttalam Divisional Secretariat","Vanathavilluwa Divisional Secretariat","Wennappuwa Divisional Secretariat"]}]